STATION,DATE,TSNW,EMNT
GHCND:USW00013994,19411101,134,-94
GHCND:USW00013994,19411201,69,-89
GHCND:USW00013994,19420101,-9999,-206
GHCND:USW00013994,19420201,-9999,-128
GHCND:USW00013994,19420301,89,-33
GHCND:USW00013994,19421101,0,-56
GHCND:USW00013994,19421201,223,-144
GHCND:USW00013994,19430101,52,-206
GHCND:USW00013994,19430201,25,-167
GHCND:USW00013994,19430301,111,-172
GHCND:USW00013994,19431101,0,-72
GHCND:USW00013994,19431201,155,-200
GHCND:USW00013994,19440101,15,-117
GHCND:USW00013994,19440201,137,-189
GHCND:USW00013994,19440301,56,-78
GHCND:USW00013994,19441101,0,-89
GHCND:USW00013994,19441201,171,-156
GHCND:USW00013994,19450101,82,-189
GHCND:USW00013994,19450201,239,-144
GHCND:USW00013994,19450301,0,-39
GHCND:USW00013994,19450701,0,128
GHCND:USW00013994,19450801,0,128
GHCND:USW00013994,19450901,0,83
GHCND:USW00013994,19451001,0,11
GHCND:USW00013994,19451101,0,-67
GHCND:USW00013994,19451201,260,-167
GHCND:USW00013994,19460101,160,-156
GHCND:USW00013994,19460201,127,-122
GHCND:USW00013994,19460301,0,-39
GHCND:USW00013994,19460401,0,6
GHCND:USW00013994,19460501,0,44
GHCND:USW00013994,19460601,0,94
GHCND:USW00013994,19460701,0,150
GHCND:USW00013994,19460801,0,106
GHCND:USW00013994,19460901,0,67
GHCND:USW00013994,19461001,0,17
GHCND:USW00013994,19461101,0,-28
GHCND:USW00013994,19461201,0,-117
GHCND:USW00013994,19470101,74,-178
GHCND:USW00013994,19470201,114,-150
GHCND:USW00013994,19470301,375,-122
GHCND:USW00013994,19470401,0,17
GHCND:USW00013994,19470501,0,33
GHCND:USW00013994,19470601,0,100
GHCND:USW00013994,19470701,0,111
GHCND:USW00013994,19470801,0,167
GHCND:USW00013994,19470901,0,50
GHCND:USW00013994,19471001,0,72
GHCND:USW00013994,19471101,5,-89
GHCND:USW00013994,19471201,25,-78
GHCND:USW00013994,19480101,188,-211
GHCND:USW00013994,19480201,190,-156
GHCND:USW00013994,19480301,122,-172
GHCND:USW00013994,19480401,0,33
GHCND:USW00013994,19480501,0,72
GHCND:USW00013994,19480601,0,122
GHCND:USW00013994,19480701,0,144
GHCND:USW00013994,19480801,0,128
GHCND:USW00013994,19480901,0,100
GHCND:USW00013994,19481001,0,-22
GHCND:USW00013994,19481101,0,-50
GHCND:USW00013994,19481201,158,-178
GHCND:USW00013994,19490101,10,-183
GHCND:USW00013994,19490201,30,-94
GHCND:USW00013994,19490301,332,-94
GHCND:USW00013994,19490401,0,-6
GHCND:USW00013994,19490501,0,67
GHCND:USW00013994,19490601,0,133
GHCND:USW00013994,19490701,0,167
GHCND:USW00013994,19490801,0,133
GHCND:USW00013994,19490901,0,22
GHCND:USW00013994,19491001,0,-6
GHCND:USW00013994,19491101,3,-56
GHCND:USW00013994,19491201,0,-94
GHCND:USW00013994,19500101,36,-122
GHCND:USW00013994,19500201,8,-117
GHCND:USW00013994,19500301,38,-111
GHCND:USW00013994,19500401,0,-39
GHCND:USW00013994,19500501,0,44
GHCND:USW00013994,19500601,0,106
GHCND:USW00013994,19500701,0,122
GHCND:USW00013994,19500801,0,100
GHCND:USW00013994,19500901,0,44
GHCND:USW00013994,19501001,0,39
GHCND:USW00013994,19501101,20,-161
GHCND:USW00013994,19501201,183,-178
GHCND:USW00013994,19510101,150,-194
GHCND:USW00013994,19510201,51,-217
GHCND:USW00013994,19510301,181,-83
GHCND:USW00013994,19510401,0,-6
GHCND:USW00013994,19510501,0,61
GHCND:USW00013994,19510601,0,111
GHCND:USW00013994,19510701,0,139
GHCND:USW00013994,19510801,0,144
GHCND:USW00013994,19510901,0,44
GHCND:USW00013994,19511001,0,11
GHCND:USW00013994,19511101,286,-94
GHCND:USW00013994,19511201,23,-172
GHCND:USW00013994,19520101,43,-150
GHCND:USW00013994,19520201,47,-56
GHCND:USW00013994,19520301,70,-106
GHCND:USW00013994,19520401,0,-6
GHCND:USW00013994,19520501,0,44
GHCND:USW00013994,19520601,0,122
GHCND:USW00013994,19520701,0,150
GHCND:USW00013994,19520801,0,122
GHCND:USW00013994,19520901,0,67
GHCND:USW00013994,19521001,0,-44
GHCND:USW00013994,19521101,36,-94
GHCND:USW00013994,19521201,64,-83
GHCND:USW00013994,19530101,41,-111
GHCND:USW00013994,19530201,0,-111
GHCND:USW00013994,19530301,134,-56
GHCND:USW00013994,19530401,0,-17
GHCND:USW00013994,19530501,0,50
GHCND:USW00013994,19530601,0,139
GHCND:USW00013994,19530701,0,150
GHCND:USW00013994,19530801,0,128
GHCND:USW00013994,19530901,0,56
GHCND:USW00013994,19531001,0,6
GHCND:USW00013994,19531101,0,-67
GHCND:USW00013994,19531201,0,-161
GHCND:USW00013994,19540101,13,-161
GHCND:USW00013994,19540201,0,-89
GHCND:USW00013994,19540301,25,-100
GHCND:USW00013994,19540401,0,-33
GHCND:USW00013994,19540501,0,6
GHCND:USW00013994,19540601,0,106
GHCND:USW00013994,19540701,0,167
GHCND:USW00013994,19540801,0,144
GHCND:USW00013994,19540901,0,83
GHCND:USW00013994,19541001,0,-11
GHCND:USW00013994,19541101,0,-50
GHCND:USW00013994,19541201,0,-67
GHCND:USW00013994,19550101,36,-178
GHCND:USW00013994,19550201,10,-194
GHCND:USW00013994,19550301,94,-150
GHCND:USW00013994,19550401,0,22
GHCND:USW00013994,19550501,0,94
GHCND:USW00013994,19550601,0,94
GHCND:USW00013994,19550701,0,194
GHCND:USW00013994,19550801,0,144
GHCND:USW00013994,19550901,0,78
GHCND:USW00013994,19551001,0,22
GHCND:USW00013994,19551101,0,-117
GHCND:USW00013994,19551201,0,-133
GHCND:USW00013994,19560101,205,-144
GHCND:USW00013994,19560201,206,-56
GHCND:USW00013994,19560301,143,-89
GHCND:USW00013994,19560401,0,-6
GHCND:USW00013994,19560501,0,44
GHCND:USW00013994,19560601,0,89
GHCND:USW00013994,19560701,0,150
GHCND:USW00013994,19560801,0,117
GHCND:USW00013994,19560901,0,72
GHCND:USW00013994,19561001,0,61
GHCND:USW00013994,19561101,10,-83
GHCND:USW00013994,19561201,30,-83
GHCND:USW00013994,19570101,69,-178
GHCND:USW00013994,19570201,0,-61
GHCND:USW00013994,19570301,82,-67
GHCND:USW00013994,19570401,46,-33
GHCND:USW00013994,19570501,0,22
GHCND:USW00013994,19570601,0,133
GHCND:USW00013994,19570701,0,167
GHCND:USW00013994,19570801,0,144
GHCND:USW00013994,19570901,0,56
GHCND:USW00013994,19571001,0,-22
GHCND:USW00013994,19571101,0,-83
GHCND:USW00013994,19571201,15,-133
GHCND:USW00013994,19580101,295,-133
GHCND:USW00013994,19580201,15,-206
GHCND:USW00013994,19580301,312,-44
GHCND:USW00013994,19580401,0,17
GHCND:USW00013994,19580501,0,28
GHCND:USW00013994,19580601,0,106
GHCND:USW00013994,19580701,0,167
GHCND:USW00013994,19580801,0,111
GHCND:USW00013994,19580901,0,61
GHCND:USW00013994,19581001,0,28
GHCND:USW00013994,19581101,114,-117
GHCND:USW00013994,19581201,25,-156
GHCND:USW00013994,19590101,119,-200
GHCND:USW00013994,19590201,0,-128
GHCND:USW00013994,19590301,11,-39
GHCND:USW00013994,19590401,0,6
GHCND:USW00013994,19590501,0,39
GHCND:USW00013994,19590601,0,122
GHCND:USW00013994,19590701,0,133
GHCND:USW00013994,19590801,0,167
GHCND:USW00013994,19590901,0,100
GHCND:USW00013994,19591001,0,17
GHCND:USW00013994,19591101,0,-144
GHCND:USW00013994,19591201,5,-78
GHCND:USW00013994,19600101,74,-150
GHCND:USW00013994,19600201,250,-117
GHCND:USW00013994,19600301,568,-206
GHCND:USW00013994,19600401,0,-33
GHCND:USW00013994,19600501,0,22
GHCND:USW00013994,19600601,0,122
GHCND:USW00013994,19600701,0,144
GHCND:USW00013994,19600801,0,156
GHCND:USW00013994,19600901,0,106
GHCND:USW00013994,19601001,0,-17
GHCND:USW00013994,19601101,0,-61
GHCND:USW00013994,19601201,142,-178
GHCND:USW00013994,19610101,135,-211
GHCND:USW00013994,19610201,327,-167
GHCND:USW00013994,19610301,0,-56
GHCND:USW00013994,19610401,0,-50
GHCND:USW00013994,19610501,0,0
GHCND:USW00013994,19610601,0,78
GHCND:USW00013994,19610701,0,122
GHCND:USW00013994,19610801,0,133
GHCND:USW00013994,19610901,0,61
GHCND:USW00013994,19611001,0,17
GHCND:USW00013994,19611101,120,-61
GHCND:USW00013994,19611201,94,-178
GHCND:USW00013994,19620101,336,-222
GHCND:USW00013994,19620201,91,-133
GHCND:USW00013994,19620301,15,-150
GHCND:USW00013994,19620401,0,-44
GHCND:USW00013994,19620501,0,67
GHCND:USW00013994,19620601,0,122
GHCND:USW00013994,19620701,0,106
GHCND:USW00013994,19620801,0,117
GHCND:USW00013994,19620901,0,44
GHCND:USW00013994,19621001,0,-22
GHCND:USW00013994,19621101,0,-28
GHCND:USW00013994,19621201,21,-206
GHCND:USW00013994,19630101,89,-239
GHCND:USW00013994,19630201,45,-172
GHCND:USW00013994,19630301,31,-39
GHCND:USW00013994,19630401,0,6
GHCND:USW00013994,19630501,0,11
GHCND:USW00013994,19630601,0,100
GHCND:USW00013994,19630701,0,122
GHCND:USW00013994,19630801,0,111
GHCND:USW00013994,19630901,0,56
GHCND:USW00013994,19631001,0,6
GHCND:USW00013994,19631101,0,-44
GHCND:USW00013994,19631201,163,-211
GHCND:USW00013994,19640101,206,-183
GHCND:USW00013994,19640201,231,-106
GHCND:USW00013994,19640301,208,-78
GHCND:USW00013994,19640401,0,-11
GHCND:USW00013994,19640501,0,67
GHCND:USW00013994,19640601,0,94
GHCND:USW00013994,19640701,0,122
GHCND:USW00013994,19640801,0,100
GHCND:USW00013994,19640901,0,56
GHCND:USW00013994,19641001,0,-17
GHCND:USW00013994,19641101,79,-172
GHCND:USW00013994,19641201,8,-167
GHCND:USW00013994,19650101,185,-217
GHCND:USW00013994,19650201,145,-189
GHCND:USW00013994,19650301,221,-122
GHCND:USW00013994,19650401,0,17
GHCND:USW00013994,19650501,0,56
GHCND:USW00013994,19650601,0,117
GHCND:USW00013994,19650701,0,156
GHCND:USW00013994,19650801,0,83
GHCND:USW00013994,19650901,0,44
GHCND:USW00013994,19651001,0,-11
GHCND:USW00013994,19651101,0,-72
GHCND:USW00013994,19651201,3,-89
GHCND:USW00013994,19660101,64,-222
GHCND:USW00013994,19660201,181,-150
GHCND:USW00013994,19660301,23,-94
GHCND:USW00013994,19660401,0,-11
GHCND:USW00013994,19660501,0,-6
GHCND:USW00013994,19660601,0,78
GHCND:USW00013994,19660701,0,139
GHCND:USW00013994,19660801,0,117
GHCND:USW00013994,19660901,0,67
GHCND:USW00013994,19661001,0,0
GHCND:USW00013994,19661101,0,-72
GHCND:USW00013994,19661201,3,-106
GHCND:USW00013994,19670101,35,-172
GHCND:USW00013994,19670201,23,-172
GHCND:USW00013994,19670301,31,-83
GHCND:USW00013994,19670401,0,-11
GHCND:USW00013994,19670501,0,11
GHCND:USW00013994,19670601,0,100
GHCND:USW00013994,19670701,0,106
GHCND:USW00013994,19670801,0,94
GHCND:USW00013994,19670901,0,50
GHCND:USW00013994,19671001,0,11
GHCND:USW00013994,19671101,41,-56
GHCND:USW00013994,19671201,106,-206
GHCND:USW00013994,19680101,175,-217
GHCND:USW00013994,19680201,10,-139
GHCND:USW00013994,19680301,196,-111
GHCND:USW00013994,19680401,0,-33
GHCND:USW00013994,19680501,0,28
GHCND:USW00013994,19680601,0,122
GHCND:USW00013994,19680701,0,117
GHCND:USW00013994,19680801,0,100
GHCND:USW00013994,19680901,0,83
GHCND:USW00013994,19681001,0,-17
GHCND:USW00013994,19681101,0,-56
GHCND:USW00013994,19681201,33,-167
GHCND:USW00013994,19690101,53,-167
GHCND:USW00013994,19690201,148,-83
GHCND:USW00013994,19690301,69,-111
GHCND:USW00013994,19690401,0,11
GHCND:USW00013994,19690501,0,33
GHCND:USW00013994,19690601,0,61
GHCND:USW00013994,19690701,0,172
GHCND:USW00013994,19690801,0,133
GHCND:USW00013994,19690901,0,67
GHCND:USW00013994,19691001,0,-11
GHCND:USW00013994,19691101,0,-78
GHCND:USW00013994,19691201,258,-94
GHCND:USW00013994,19700101,55,-222
GHCND:USW00013994,19700201,93,-172
GHCND:USW00013994,19700301,126,-72
GHCND:USW00013994,19700401,25,-22
GHCND:USW00013994,19700501,0,39
GHCND:USW00013994,19700601,0,111
GHCND:USW00013994,19700701,0,122
GHCND:USW00013994,19700801,0,150
GHCND:USW00013994,19700901,0,56
GHCND:USW00013994,19701001,0,-6
GHCND:USW00013994,19701101,0,-117
GHCND:USW00013994,19701201,23,-111
GHCND:USW00013994,19710101,10,-167
GHCND:USW00013994,19710201,37,-172
GHCND:USW00013994,19710301,5,-94
GHCND:USW00013994,19710401,165,-17
GHCND:USW00013994,19710501,0,28
GHCND:USW00013994,19710601,0,144
GHCND:USW00013994,19710701,0,117
GHCND:USW00013994,19710801,0,117
GHCND:USW00013994,19710901,0,67
GHCND:USW00013994,19711001,0,22
GHCND:USW00013994,19711101,33,-89
GHCND:USW00013994,19711201,0,-100
GHCND:USW00013994,19720101,104,-217
GHCND:USW00013994,19720201,48,-144
GHCND:USW00013994,19720301,8,-78
GHCND:USW00013994,19720401,0,-56
GHCND:USW00013994,19720501,0,50
GHCND:USW00013994,19720601,0,72
GHCND:USW00013994,19720701,0,106
GHCND:USW00013994,19720801,0,122
GHCND:USW00013994,19720901,0,44
GHCND:USW00013994,19721001,0,-39
GHCND:USW00013994,19721101,132,-78
GHCND:USW00013994,19721201,26,-139
GHCND:USW00013994,19730101,57,-172
GHCND:USW00013994,19730201,77,-139
GHCND:USW00013994,19730301,5,-28
GHCND:USW00013994,19730401,5,-44
GHCND:USW00013994,19730501,0,44
GHCND:USW00013994,19730601,0,111
GHCND:USW00013994,19730701,0,150
GHCND:USW00013994,19730801,0,144
GHCND:USW00013994,19730901,0,56
GHCND:USW00013994,19731001,0,22
GHCND:USW00013994,19731101,0,-78
GHCND:USW00013994,19731201,669,-211
GHCND:USW00013994,19740101,107,-233
GHCND:USW00013994,19740201,115,-150
GHCND:USW00013994,19740301,188,-161
GHCND:USW00013994,19740401,0,-28
GHCND:USW00013994,19740501,0,39
GHCND:USW00013994,19740601,0,89
GHCND:USW00013994,19740701,0,144
GHCND:USW00013994,19740801,0,128
GHCND:USW00013994,19740901,0,22
GHCND:USW00013994,19741001,0,-6
GHCND:USW00013994,19741101,30,-50
GHCND:USW00013994,19741201,38,-106
GHCND:USW00013994,19750101,104,-150
GHCND:USW00013994,19750201,307,-178
GHCND:USW00013994,19750301,161,-94
GHCND:USW00013994,19750401,0,-56
GHCND:USW00013994,19750501,0,56
GHCND:USW00013994,19750601,0,106
GHCND:USW00013994,19750701,0,111
GHCND:USW00013994,19750801,0,139
GHCND:USW00013994,19750901,0,50
GHCND:USW00013994,19751001,0,-17
GHCND:USW00013994,19751101,193,-83
GHCND:USW00013994,19751201,99,-139
GHCND:USW00013994,19760101,115,-217
GHCND:USW00013994,19760201,114,-161
GHCND:USW00013994,19760301,122,-61
GHCND:USW00013994,19760401,0,-28
GHCND:USW00013994,19760501,0,-6
GHCND:USW00013994,19760601,0,117
GHCND:USW00013994,19760701,0,139
GHCND:USW00013994,19760801,0,117
GHCND:USW00013994,19760901,0,67
GHCND:USW00013994,19761001,0,-50
GHCND:USW00013994,19761101,8,-133
GHCND:USW00013994,19761201,132,-233
GHCND:USW00013994,19770101,607,-256
GHCND:USW00013994,19770201,170,-161
GHCND:USW00013994,19770301,3,-50
GHCND:USW00013994,19770401,3,6
GHCND:USW00013994,19770501,0,28
GHCND:USW00013994,19770601,0,94
GHCND:USW00013994,19770701,0,139
GHCND:USW00013994,19770801,0,133
GHCND:USW00013994,19770901,0,106
GHCND:USW00013994,19771001,0,6
GHCND:USW00013994,19771101,170,-139
GHCND:USW00013994,19771201,298,-178
GHCND:USW00013994,19780101,585,-194
GHCND:USW00013994,19780201,237,-222
GHCND:USW00013994,19780301,392,-183
GHCND:USW00013994,19780401,0,6
GHCND:USW00013994,19780501,0,11
GHCND:USW00013994,19780601,0,106
GHCND:USW00013994,19780701,0,150
GHCND:USW00013994,19780801,0,128
GHCND:USW00013994,19780901,0,72
GHCND:USW00013994,19781001,0,-11
GHCND:USW00013994,19781101,0,-22
GHCND:USW00013994,19781201,36,-117
GHCND:USW00013994,19790101,467,-222
GHCND:USW00013994,19790201,122,-233
GHCND:USW00013994,19790301,52,-83
GHCND:USW00013994,19790401,0,-33
GHCND:USW00013994,19790501,0,33
GHCND:USW00013994,19790601,0,128
GHCND:USW00013994,19790701,0,156
GHCND:USW00013994,19790801,0,139
GHCND:USW00013994,19790901,0,83
GHCND:USW00013994,19791001,0,0
GHCND:USW00013994,19791101,8,-67
GHCND:USW00013994,19791201,0,-144
GHCND:USW00013994,19800101,107,-156
GHCND:USW00013994,19800201,189,-183
GHCND:USW00013994,19800301,221,-167
GHCND:USW00013994,19800401,127,0
GHCND:USW00013994,19800501,0,44
GHCND:USW00013994,19800601,0,111
GHCND:USW00013994,19800701,0,167
GHCND:USW00013994,19800801,0,172
GHCND:USW00013994,19800901,0,78
GHCND:USW00013994,19801001,0,-28
GHCND:USW00013994,19801101,204,-44
GHCND:USW00013994,19801201,28,-189
GHCND:USW00013994,19810101,15,-133
GHCND:USW00013994,19810201,208,-222
GHCND:USW00013994,19810301,5,-50
GHCND:USW00013994,19810401,0,17
GHCND:USW00013994,19810501,0,44
GHCND:USW00013994,19810601,0,133
GHCND:USW00013994,19810701,0,150
GHCND:USW00013994,19810801,0,150
GHCND:USW00013994,19810901,0,72
GHCND:USW00013994,19811001,0,-39
GHCND:USW00013994,19811101,0,-28
GHCND:USW00013994,19811201,201,-189
GHCND:USW00013994,19820101,423,-261
GHCND:USW00013994,19820201,229,-228
GHCND:USW00013994,19820301,10,-78
GHCND:USW00013994,19820401,68,-50
GHCND:USW00013994,19820501,0,83
GHCND:USW00013994,19820601,0,111
GHCND:USW00013994,19820701,0,161
GHCND:USW00013994,19820801,0,128
GHCND:USW00013994,19820901,0,67
GHCND:USW00013994,19821001,0,-28
GHCND:USW00013994,19821101,0,-83
GHCND:USW00013994,19821201,0,-100
GHCND:USW00013994,19830101,83,-111
GHCND:USW00013994,19830201,8,-128
GHCND:USW00013994,19830301,35,-56
GHCND:USW00013994,19830401,61,-33
GHCND:USW00013994,19830501,0,33
GHCND:USW00013994,19830601,0,100
GHCND:USW00013994,19830701,0,122
GHCND:USW00013994,19830801,0,172
GHCND:USW00013994,19830901,0,28
GHCND:USW00013994,19831001,0,28
GHCND:USW00013994,19831101,0,-39
GHCND:USW00013994,19831201,165,-250
GHCND:USW00013994,19840101,59,-211
GHCND:USW00013994,19840201,252,-172
GHCND:USW00013994,19840301,133,-100
GHCND:USW00013994,19840401,0,0
GHCND:USW00013994,19840501,0,50
GHCND:USW00013994,19840601,0,150
GHCND:USW00013994,19840701,0,150
GHCND:USW00013994,19840801,0,150
GHCND:USW00013994,19840901,0,33
GHCND:USW00013994,19841001,0,39
GHCND:USW00013994,19841101,44,-56
GHCND:USW00013994,19841201,46,-133
GHCND:USW00013994,19850101,130,-278
GHCND:USW00013994,19850201,33,-167
GHCND:USW00013994,19850301,0,-39
GHCND:USW00013994,19850401,0,-17
GHCND:USW00013994,19850501,0,72
GHCND:USW00013994,19850601,0,100
GHCND:USW00013994,19850701,0,167
GHCND:USW00013994,19850801,0,133
GHCND:USW00013994,19850901,0,44
GHCND:USW00013994,19851001,0,22
GHCND:USW00013994,19851101,0,-44
GHCND:USW00013994,19851201,145,-172
GHCND:USW00013994,19860101,26,-183
GHCND:USW00013994,19860201,155,-161
GHCND:USW00013994,19860301,6,-72
GHCND:USW00013994,19860401,0,0
GHCND:USW00013994,19860501,0,78
GHCND:USW00013994,19860601,0,133
GHCND:USW00013994,19860701,0,189
GHCND:USW00013994,19860801,0,83
GHCND:USW00013994,19860901,0,56
GHCND:USW00013994,19861001,0,22
GHCND:USW00013994,19861101,0,-122
GHCND:USW00013994,19861201,0,-111
GHCND:USW00013994,19870101,599,-167
GHCND:USW00013994,19870201,15,-72
GHCND:USW00013994,19870301,0,-56
GHCND:USW00013994,19870401,0,-33
GHCND:USW00013994,19870501,0,94
GHCND:USW00013994,19870601,0,133
GHCND:USW00013994,19870701,0,144
GHCND:USW00013994,19870801,0,150
GHCND:USW00013994,19870901,0,94
GHCND:USW00013994,19871001,0,-6
GHCND:USW00013994,19871101,0,-61
GHCND:USW00013994,19871201,187,-89
GHCND:USW00013994,19880101,36,-167
GHCND:USW00013994,19880201,172,-194
GHCND:USW00013994,19880301,72,-67
GHCND:USW00013994,19880401,0,17
GHCND:USW00013994,19880501,0,78
GHCND:USW00013994,19880601,0,100
GHCND:USW00013994,19880701,0,156
GHCND:USW00013994,19880801,0,122
GHCND:USW00013994,19880901,0,94
GHCND:USW00013994,19881001,0,0
GHCND:USW00013994,19881101,74,-44
GHCND:USW00013994,19881201,150,-128
GHCND:USW00013994,19890101,3,-61
GHCND:USW00013994,19890201,99,-167
GHCND:USW00013994,19890301,279,-94
GHCND:USW00013994,19890401,0,-11
GHCND:USW00013994,19890501,0,33
GHCND:USW00013994,19890601,0,106
GHCND:USW00013994,19890701,0,172
GHCND:USW00013994,19890801,0,139
GHCND:USW00013994,19890901,0,44
GHCND:USW00013994,19891001,0,11
GHCND:USW00013994,19891101,0,-89
GHCND:USW00013994,19891201,232,-267
GHCND:USW00013994,19900101,6,-72
GHCND:USW00013994,19900201,176,-83
GHCND:USW00013994,19900301,214,-56
GHCND:USW00013994,19900401,0,-17
GHCND:USW00013994,19900501,0,78
GHCND:USW00013994,19900601,0,106
GHCND:USW00013994,19900701,0,139
GHCND:USW00013994,19900801,0,139
GHCND:USW00013994,19900901,0,72
GHCND:USW00013994,19901001,0,17
GHCND:USW00013994,19901101,0,-6
GHCND:USW00013994,19901201,335,-178
GHCND:USW00013994,19910101,50,-122
GHCND:USW00013994,19910201,0,-133
GHCND:USW00013994,19910301,43,-44
GHCND:USW00013994,19910401,0,39
GHCND:USW00013994,19910501,0,83
GHCND:USW00013994,19910601,0,161
GHCND:USW00013994,19910701,0,156
GHCND:USW00013994,19910801,0,150
GHCND:USW00013994,19910901,0,50
GHCND:USW00013994,19911001,0,17
GHCND:USW00013994,19911101,99,-133
GHCND:USW00013994,19911201,10,-122
GHCND:USW00013994,19920101,97,-133
GHCND:USW00013994,19920201,58,-78
GHCND:USW00013994,19920301,79,-67
GHCND:USW00013994,19920401,0,-11
GHCND:USW00013994,19920501,0,44
GHCND:USW00013994,19920601,0,106
GHCND:USW00013994,19920701,0,144
GHCND:USW00013994,19920801,0,106
GHCND:USW00013994,19920901,0,61
GHCND:USW00013994,19921001,0,11
GHCND:USW00013994,19921101,0,-28
GHCND:USW00013994,19921201,18,-117
GHCND:USW00013994,19930101,140,-117
GHCND:USW00013994,19930201,529,-183
GHCND:USW00013994,19930301,77,-106
GHCND:USW00013994,19930401,8,-6
GHCND:USW00013994,19930501,0,67
GHCND:USW00013994,19930601,0,89
GHCND:USW00013994,19930701,0,200
GHCND:USW00013994,19930801,0,167
GHCND:USW00013994,19930901,0,78
GHCND:USW00013994,19931001,0,-11
GHCND:USW00013994,19931101,40,-56
GHCND:USW00013994,19931201,28,-111
GHCND:USW00013994,19940101,127,-222
GHCND:USW00013994,19940201,26,-117
GHCND:USW00013994,19940301,5,-39
GHCND:USW00013994,19940401,36,-17
GHCND:USW00013994,19940501,0,39
GHCND:USW00013994,19940601,0,139
GHCND:USW00013994,19940701,0,156
GHCND:USW00013994,19940801,0,133
GHCND:USW00013994,19940901,0,100
GHCND:USW00013994,19941001,0,22
GHCND:USW00013994,19941101,0,-22
GHCND:USW00013994,19941201,3,-83
GHCND:USW00013994,19950101,89,-139
GHCND:USW00013994,19950201,41,-139
GHCND:USW00013994,19950301,13,-89
GHCND:USW00013994,19950401,0,0
GHCND:USW00013994,19950501,0,50
GHCND:USW00013994,19950601,0,133
GHCND:USW00013994,19950701,0,161
GHCND:USW00013994,19950801,0,200
GHCND:USW00013994,19950901,0,44
GHCND:USW00013994,19951001,0,33
GHCND:USW00013994,19951101,23,-56
GHCND:USW00013994,19951201,201,-156
GHCND:USW00013994,19960101,341,-178
GHCND:USW00013994,19960201,71,-244
GHCND:USW00013994,19960301,25,-144
GHCND:USW00013994,19960401,0,0
GHCND:USW00013994,19960501,0,83
GHCND:USW00013994,19960601,0,117
GHCND:USW00013994,19960701,0,139
GHCND:USW00013994,19960801,0,167
GHCND:USW00013994,19960901,0,72
GHCND:USW00013994,19961001,0,11
GHCND:USW00013994,19961101,5,-78
GHCND:USW00013994,19961201,39,-139
GHCND:USW00013994,19970101,333,-194
GHCND:USW00013994,19970201,21,-61
GHCND:USW00013994,19970301,0,-67
GHCND:USW00013994,19970401,107,-39
GHCND:USW00013994,19970501,0,44
GHCND:USW00013994,19970601,0,133
GHCND:USW00013994,19970701,0,133
GHCND:USW00013994,19970801,0,139
GHCND:USW00013994,19970901,0,100
GHCND:USW00013994,19971001,0,-6
GHCND:USW00013994,19971101,66,-78
GHCND:USW00013994,19971201,105,-61
GHCND:USW00013994,19980101,145,-106
GHCND:USW00013994,19980201,13,-44
GHCND:USW00013994,19980301,149,-156
GHCND:USW00013994,19980401,0,6
GHCND:USW00013994,19980501,5,89
GHCND:USW00013994,19980601,0,89
GHCND:USW00013994,19980701,0,161
GHCND:USW00013994,19980801,0,178
GHCND:USW00013994,19980901,0,117
GHCND:USW00013994,19981001,0,28
GHCND:USW00013994,19981101,0,-22
GHCND:USW00013994,19981201,46,-139
GHCND:USW00013994,19990101,306,-206
GHCND:USW00013994,19990201,39,-67
GHCND:USW00013994,19990301,13,-67
GHCND:USW00013994,19990401,0,22
GHCND:USW00013994,19990501,0,78
GHCND:USW00013994,19990601,0,111
GHCND:USW00013994,19990701,0,156
GHCND:USW00013994,19990801,0,144
GHCND:USW00013994,19990901,0,61
GHCND:USW00013994,19991001,0,-11
GHCND:USW00013994,19991101,0,-50
GHCND:USW00013994,19991201,9,-111
GHCND:USW00013994,20000101,127,-128
GHCND:USW00013994,20000201,0,-106
GHCND:USW00013994,20000301,122,-44
GHCND:USW00013994,20000401,0,0
GHCND:USW00013994,20000501,0,67
GHCND:USW00013994,20000601,0,106
GHCND:USW00013994,20000701,0,156
GHCND:USW00013994,20000801,0,172
GHCND:USW00013994,20000901,0,50
GHCND:USW00013994,20001001,0,-11
GHCND:USW00013994,20001101,0,-100
GHCND:USW00013994,20001201,406,-167
GHCND:USW00013994,20010101,18,-178
GHCND:USW00013994,20010201,41,-156
GHCND:USW00013994,20010301,0,-72
GHCND:USW00013994,20010401,10,0
GHCND:USW00013994,20010501,0,83
GHCND:USW00013994,20010601,0,117
GHCND:USW00013994,20010701,0,133
GHCND:USW00013994,20010801,0,156
GHCND:USW00013994,20010901,0,50
GHCND:USW00013994,20011001,0,-17
GHCND:USW00013994,20011101,5,-17
GHCND:USW00013994,20011201,0,-106
GHCND:USW00013994,20020101,157,-111
GHCND:USW00013994,20020201,66,-94
GHCND:USW00013994,20020301,127,-144
GHCND:USW00013994,20020401,0,-17
GHCND:USW00013994,20020501,0,39
GHCND:USW00013994,20020601,0,139
GHCND:USW00013994,20020701,0,172
GHCND:USW00013994,20020801,0,167
GHCND:USW00013994,20020901,0,94
GHCND:USW00013994,20021001,0,22
GHCND:USW00013994,20021101,5,-56
GHCND:USW00013994,20021201,239,-117
GHCND:USW00013994,20030101,189,-172
GHCND:USW00013994,20030201,323,-139
GHCND:USW00013994,20030301,3,-83
GHCND:USW00013994,20030401,0,6
GHCND:USW00013994,20030501,0,67
GHCND:USW00013994,20030601,0,94
GHCND:USW00013994,20030701,0,167
GHCND:USW00013994,20030801,0,189
GHCND:USW00013994,20030901,0,61
GHCND:USW00013994,20031001,0,33
GHCND:USW00013994,20031101,0,-44
GHCND:USW00013994,20031201,84,-72
GHCND:USW00013994,20040101,56,-161
GHCND:USW00013994,20040201,49,-111
GHCND:USW00013994,20040301,0,-28
GHCND:USW00013994,20040401,0,22
GHCND:USW00013994,20040501,0,61
GHCND:USW00013994,20040601,0,133
GHCND:USW00013994,20040701,0,156
GHCND:USW00013994,20040801,0,111
GHCND:USW00013994,20040901,0,83
GHCND:USW00013994,20041001,0,39
GHCND:USW00013994,20041101,46,-33
GHCND:USW00013994,20041201,0,-144
GHCND:USW00013994,20050101,196,-156
GHCND:USW00013994,20050201,80,-72
GHCND:USW00013994,20050301,3,-56
GHCND:USW00013994,20050401,0,17
GHCND:USW00013994,20050501,0,33
GHCND:USW00013994,20050601,0,156
GHCND:USW00013994,20050701,0,172
GHCND:USW00013994,20050801,0,189
GHCND:USW00013994,20050901,0,78
GHCND:USW00013994,20051001,0,17
GHCND:USW00013994,20051101,0,-78
GHCND:USW00013994,20051201,97,-150
GHCND:USW00013994,20060101,25,-39
GHCND:USW00013994,20060201,79,-150
GHCND:USW00013994,20060301,66,-67
GHCND:USW00013994,20060401,0,11
GHCND:USW00013994,20060501,0,61
GHCND:USW00013994,20060601,0,150
GHCND:USW00013994,20060701,0,161
GHCND:USW00013994,20060801,0,167
GHCND:USW00013994,20060901,0,72
GHCND:USW00013994,20061001,0,-17
GHCND:USW00013994,20061101,58,-39
GHCND:USW00013994,20061201,53,-117
GHCND:USW00013994,20070101,95,-128
GHCND:USW00013994,20070201,120,-150
GHCND:USW00013994,20070301,10,-83
GHCND:USW00013994,20070401,0,-50
GHCND:USW00013994,20070501,0,78
GHCND:USW00013994,20070601,0,139
GHCND:USW00013994,20070701,0,156
GHCND:USW00013994,20070801,0,161
GHCND:USW00013994,20070901,0,72
GHCND:USW00013994,20071001,0,17
GHCND:USW00013994,20071101,0,-33
GHCND:USW00013994,20071201,198,-117
GHCND:USW00013994,20080101,108,-150
GHCND:USW00013994,20080201,208,-117
GHCND:USW00013994,20080301,254,-111
GHCND:USW00013994,20080401,0,6
GHCND:USW00013994,20080501,0,44
GHCND:USW00013994,20080601,0,139
GHCND:USW00013994,20080701,0,167
GHCND:USW00013994,20080801,0,156
GHCND:USW00013994,20080901,0,111
GHCND:USW00013994,20081001,0,-17
GHCND:USW00013994,20081101,61,-67
GHCND:USW00013994,20081201,39,-156
GHCND:USW00013994,20090101,179,-178
GHCND:USW00013994,20090201,3,-133
GHCND:USW00013994,20090301,46,-83
GHCND:USW00013994,20090401,3,6
GHCND:USW00013994,20090501,0,72
GHCND:USW00013994,20090601,0,117
GHCND:USW00013994,20090701,0,150
GHCND:USW00013994,20090801,0,122
GHCND:USW00013994,20090901,0,83
GHCND:USW00013994,20091001,0,11
GHCND:USW00013994,20091101,0,-6
GHCND:USW00013994,20091201,86,-117
GHCND:USW00013994,20100101,94,-178
GHCND:USW00013994,20100201,194,-117
GHCND:USW00013994,20100301,0,-44
GHCND:USW00013994,20100401,0,50
GHCND:USW00013994,20100501,0,44
GHCND:USW00013994,20100601,0,183
GHCND:USW00013994,20100701,0,172
GHCND:USW00013994,20100801,0,167
GHCND:USW00013994,20100901,0,89
GHCND:USW00013994,20101001,0,6
GHCND:USW00013994,20101101,5,-39
GHCND:USW00013994,20101201,201,-161
GHCND:USW00013994,20110101,374,-178
GHCND:USW00013994,20110201,164,-156
GHCND:USW00013994,20110301,191,-39
GHCND:USW00013994,20110401,0,17
GHCND:USW00013994,20110501,0,33
GHCND:USW00013994,20110601,0,161
GHCND:USW00013994,20110701,0,206
GHCND:USW00013994,20110801,0,167
GHCND:USW00013994,20110901,0,72
GHCND:USW00013994,20111001,0,28
GHCND:USW00013994,20111101,0,-44
GHCND:USW00013994,20111201,51,-72
GHCND:USW00013994,20120101,46,-106
GHCND:USW00013994,20120201,64,-89
GHCND:USW00013994,20120301,0,-28
GHCND:USW00013994,20120401,0,22
GHCND:USW00013994,20120501,0,111
GHCND:USW00013994,20120601,0,94
GHCND:USW00013994,20120701,0,211
GHCND:USW00013994,20120801,0,156
GHCND:USW00013994,20120901,0,67
GHCND:USW00013994,20121001,0,11
GHCND:USW00013994,20121101,0,-56
GHCND:USW00013994,20121201,53,-67
GHCND:USW00013994,20130101,24,-111
GHCND:USW00013994,20130201,270,-128
GHCND:USW00013994,20130301,363,-72
GHCND:USW00013994,20130401,0,-10
GHCND:USW00013994,20130501,0,50
GHCND:USW00013994,20130601,0,122
GHCND:USW00013994,20130701,0,133
GHCND:USW00013994,20130801,0,139
GHCND:USW00013994,20130901,0,106
GHCND:USW00013994,20131001,0,-10
GHCND:USW00013994,20131101,0,-93